Wallet,Balance_ETH
0x742d35Cc6634C0532925a3b844Bc454e4438f44e,55081.39608757
0xBE0eB53F46cd790Cd13851d5EFf43D12404d33E8,1996008.37074530
0xd8dA6BF26964aF9D7eEd9e03E53415D37aA96045,3.76722585
